{"batch/loss": 1.0857678651809692, "batch/accuracy": 0.6022727489471436, "batch/batch_step": 190, "batch/learning_rate": 0.00020000000949949026, "_timestamp": 1691793563.2497587, "_runtime": 50427.23044872284, "_step": 47, "epoch/loss": 1.0975987911224365, "epoch/accuracy": 0.6111111044883728, "epoch/val_loss": 1.7248090505599976, "epoch/val_accuracy": 0.2083333283662796, "epoch/lr": 0.00020000000949949026, "epoch/epoch": 8, "epoch/learning_rate": 0.00020000000949949026}