{"batch/loss": 0.9253313541412354, "batch/accuracy": 0.5625, "batch/batch_step": 180, "batch/learning_rate": 0.00020000000949949026, "_timestamp": 1691788369.4988258, "_runtime": 45233.47951579094, "_step": 45, "epoch/loss": 1.0975987911224365, "epoch/accuracy": 0.6111111044883728, "epoch/val_loss": 1.7248090505599976, "epoch/val_accuracy": 0.2083333283662796, "epoch/lr": 0.00020000000949949026, "epoch/epoch": 8, "epoch/learning_rate": 0.00020000000949949026}