{"batch/loss": 1.0924772024154663, "batch/accuracy": 0.625, "batch/batch_step": 185, "batch/learning_rate": 0.00020000000949949026, "_timestamp": 1691790989.5570111, "_runtime": 47853.53770112991, "_step": 46, "epoch/loss": 1.0975987911224365, "epoch/accuracy": 0.6111111044883728, "epoch/val_loss": 1.7248090505599976, "epoch/val_accuracy": 0.2083333283662796, "epoch/lr": 0.00020000000949949026, "epoch/epoch": 8, "epoch/learning_rate": 0.00020000000949949026}